{
  "tickers": [
    "ACHR",
    "ATI",
    "CACI",
    "EVEX",
    "HON",
    "IRDM",
    "JOBY",
    "KTOS",
    "LOAR",
    "LUNR",
    "MP",
    "RKLB"
  ],
  "stats": {
    "ACHR": {
      "current": 7.87,
      "high_52w": 13.48,
      "low_52w": 6.14,
      "return_1d": 4.64,
      "return_1w": -4.19,
      "return_1m": 3.33,
      "return_3m": -22.06,
      "return_6m": -22.1,
      "return_1y": -23.98,
      "ticker": "ACHR",
      "daily_count": 801,
      "intraday_count": 2352
    },
    "ATI": {
      "current": 117.18,
      "high_52w": 117.18,
      "low_52w": 41.86,
      "return_1d": 1.27,
      "return_1w": 0.37,
      "return_1m": 18.12,
      "return_3m": 41.97,
      "return_6m": 35.44,
      "return_1y": 114.08,
      "ticker": "ATI",
      "daily_count": 372,
      "intraday_count": 2336
    },
    "CACI": {
      "current": 535.56,
      "high_52w": 620.2,
      "low_52w": 327.68,
      "return_1d": 0.04,
      "return_1w": -1.56,
      "return_1m": -12.68,
      "return_3m": 3.52,
      "return_6m": 9.17,
      "return_1y": 32.95,
      "ticker": "CACI",
      "daily_count": 379,
      "intraday_count": 2348
    },
    "EVEX": {
      "current": 4.11,
      "high_52w": 7.5,
      "low_52w": 3.08,
      "return_1d": 3.11,
      "return_1w": -6.44,
      "return_1m": -9.75,
      "return_3m": -0.9,
      "return_6m": -44.47,
      "return_1y": -24.15,
      "ticker": "EVEX",
      "daily_count": 380,
      "intraday_count": 2340
    },
    "HON": {
      "current": 195.38,
      "high_52w": 223.84,
      "low_52w": 172.21,
      "return_1d": -0.26,
      "return_1w": -0.39,
      "return_1m": 1.86,
      "return_3m": -1.2,
      "return_6m": -12.72,
      "return_1y": -6.51,
      "ticker": "HON",
      "daily_count": 379,
      "intraday_count": 2348
    },
    "IRDM": {
      "current": 17.64,
      "high_52w": 31.96,
      "low_52w": 15.82,
      "return_1d": 1.53,
      "return_1w": 0.59,
      "return_1m": 7.18,
      "return_3m": -2.27,
      "return_6m": -43.44,
      "return_1y": -37.13,
      "ticker": "IRDM",
      "daily_count": 1410,
      "intraday_count": 2680
    },
    "JOBY": {
      "current": 13.85,
      "high_52w": 19.98,
      "low_52w": 5.34,
      "return_1d": 4.97,
      "return_1w": -3.33,
      "return_1m": 1.21,
      "return_3m": -18.98,
      "return_6m": 34.15,
      "return_1y": 63.18,
      "ticker": "JOBY",
      "daily_count": 374,
      "intraday_count": 2336
    },
    "KTOS": {
      "current": 77.48,
      "high_52w": 104.24,
      "low_52w": 24.8,
      "return_1d": 1.75,
      "return_1w": -3.85,
      "return_1m": 6.66,
      "return_3m": -18.22,
      "return_6m": 75.06,
      "return_1y": 194.95,
      "ticker": "KTOS",
      "daily_count": 815,
      "intraday_count": 2328
    },
    "LOAR": {
      "current": 69.77,
      "high_52w": 97.52,
      "low_52w": 63.37,
      "return_1d": 2.25,
      "return_1w": 1.62,
      "return_1m": 2.9,
      "return_3m": -12.95,
      "return_6m": -15.04,
      "return_1y": -5.31,
      "ticker": "LOAR",
      "daily_count": 424,
      "intraday_count": 2340
    },
    "LUNR": {
      "current": 17.13,
      "high_52w": 23.49,
      "low_52w": 6.62,
      "return_1d": 5.32,
      "return_1w": 2.03,
      "return_1m": 81.87,
      "return_3m": 54.79,
      "return_6m": 57.57,
      "return_1y": -6.48,
      "ticker": "LUNR",
      "daily_count": 920,
      "intraday_count": 2352
    },
    "MP": {
      "current": 53.15,
      "high_52w": 96.32,
      "low_52w": 15.84,
      "return_1d": 5.05,
      "return_1w": -2.01,
      "return_1m": -11.03,
      "return_3m": -23.77,
      "return_6m": 65.6,
      "return_1y": 230.65,
      "ticker": "MP",
      "daily_count": 829,
      "intraday_count": 2352
    },
    "RKLB": {
      "current": 72.43,
      "high_52w": 77.46,
      "low_52w": 16.3,
      "return_1d": 2.16,
      "return_1w": -6.5,
      "return_1m": 74.66,
      "return_3m": 43.23,
      "return_6m": 102.72,
      "return_1y": 177.9,
      "ticker": "RKLB",
      "daily_count": 1281,
      "intraday_count": 2352
    }
  },
  "updated": "2026-01-04T18:35:01.495821"
}