{
  "tickers": [
    "ACHR",
    "ATI",
    "CACI",
    "EVEX",
    "HON",
    "IRDM",
    "JOBY",
    "KTOS",
    "LOAR",
    "LUNR",
    "MP",
    "RKLB",
    "ASTS",
    "BKSY",
    "COHR",
    "GE",
    "GME",
    "LHX",
    "PL",
    "RDW",
    "RTX",
    "XAR"
  ],
  "stats": {
    "ACHR": {
      "current": 8.09,
      "high_52w": 13.48,
      "low_52w": 6.14,
      "return_1d": 4.64,
      "return_1w": -4.19,
      "return_1m": 3.33,
      "return_3m": -22.06,
      "return_6m": -22.1,
      "return_1y": -23.98,
      "ticker": "ACHR",
      "daily_count": 801,
      "intraday_count": 2380
    },
    "ATI": {
      "current": 117.18,
      "high_52w": 117.18,
      "low_52w": 41.86,
      "return_1d": 1.27,
      "return_1w": 0.37,
      "return_1m": 18.12,
      "return_3m": 41.97,
      "return_6m": 35.44,
      "return_1y": 114.08,
      "ticker": "ATI",
      "daily_count": 372,
      "intraday_count": 2336
    },
    "CACI": {
      "current": 535.56,
      "high_52w": 620.2,
      "low_52w": 327.68,
      "return_1d": 0.04,
      "return_1w": -1.56,
      "return_1m": -12.68,
      "return_3m": 3.52,
      "return_6m": 9.17,
      "return_1y": 32.95,
      "ticker": "CACI",
      "daily_count": 379,
      "intraday_count": 2348
    },
    "EVEX": {
      "current": 4.18,
      "high_52w": 7.5,
      "low_52w": 3.08,
      "return_1d": 3.11,
      "return_1w": -6.44,
      "return_1m": -9.75,
      "return_3m": -0.9,
      "return_6m": -44.47,
      "return_1y": -24.15,
      "ticker": "EVEX",
      "daily_count": 380,
      "intraday_count": 2368
    },
    "HON": {
      "current": 195.38,
      "high_52w": 223.84,
      "low_52w": 172.21,
      "return_1d": -0.26,
      "return_1w": -0.39,
      "return_1m": 1.86,
      "return_3m": -1.2,
      "return_6m": -12.72,
      "return_1y": -6.51,
      "ticker": "HON",
      "daily_count": 379,
      "intraday_count": 2348
    },
    "IRDM": {
      "current": 17.64,
      "high_52w": 31.96,
      "low_52w": 15.82,
      "return_1d": 1.53,
      "return_1w": 0.59,
      "return_1m": 7.18,
      "return_3m": -2.27,
      "return_6m": -43.44,
      "return_1y": -37.13,
      "ticker": "IRDM",
      "daily_count": 1410,
      "intraday_count": 2680
    },
    "JOBY": {
      "current": 14.25,
      "high_52w": 19.98,
      "low_52w": 5.34,
      "return_1d": 4.97,
      "return_1w": -3.33,
      "return_1m": 1.21,
      "return_3m": -18.98,
      "return_6m": 34.15,
      "return_1y": 63.18,
      "ticker": "JOBY",
      "daily_count": 374,
      "intraday_count": 2380
    },
    "KTOS": {
      "current": 79.39,
      "high_52w": 105.75,
      "low_52w": 24.52,
      "return_1d": 5.02,
      "return_1w": -0.83,
      "return_1m": 11.26,
      "return_3m": -16.62,
      "return_6m": 78.5,
      "return_1y": 198.66,
      "ticker": "KTOS",
      "daily_count": 264,
      "intraday_count": 2360
    },
    "LOAR": {
      "current": 69.77,
      "high_52w": 97.52,
      "low_52w": 63.37,
      "return_1d": 2.25,
      "return_1w": 1.62,
      "return_1m": 2.9,
      "return_3m": -12.95,
      "return_6m": -15.04,
      "return_1y": -5.31,
      "ticker": "LOAR",
      "daily_count": 424,
      "intraday_count": 2340
    },
    "LUNR": {
      "current": 17.84,
      "high_52w": 23.49,
      "low_52w": 6.62,
      "return_1d": 5.32,
      "return_1w": 2.03,
      "return_1m": 81.87,
      "return_3m": 54.79,
      "return_6m": 57.57,
      "return_1y": -6.48,
      "ticker": "LUNR",
      "daily_count": 920,
      "intraday_count": 2384
    },
    "MP": {
      "current": 53.15,
      "high_52w": 96.32,
      "low_52w": 15.84,
      "return_1d": 5.05,
      "return_1w": -2.01,
      "return_1m": -11.03,
      "return_3m": -23.77,
      "return_6m": 65.6,
      "return_1y": 230.65,
      "ticker": "MP",
      "daily_count": 829,
      "intraday_count": 2352
    },
    "RKLB": {
      "current": 75.63,
      "high_52w": 77.46,
      "low_52w": 16.3,
      "return_1d": 2.16,
      "return_1w": -6.5,
      "return_1m": 74.66,
      "return_3m": 43.23,
      "return_6m": 102.72,
      "return_1y": 177.9,
      "ticker": "RKLB",
      "daily_count": 1281,
      "intraday_count": 2384
    },
    "ASTS": {
      "current": 83.22,
      "high_52w": 96.58,
      "low_52w": 17.88,
      "return_1d": 15.08,
      "return_1w": 5.14,
      "return_1m": 45.6,
      "return_3m": 25.69,
      "return_6m": 82.89,
      "return_1y": 279.86,
      "ticker": "ASTS",
      "daily_count": 267,
      "intraday_count": 2380
    },
    "BKSY": {
      "current": 20.74,
      "high_52w": 31.58,
      "low_52w": 6.62,
      "return_1d": 10.14,
      "return_1w": -1.64,
      "return_1m": 22.3,
      "return_3m": -14.73,
      "return_6m": -2.93,
      "return_1y": 87.67,
      "ticker": "BKSY",
      "daily_count": 267,
      "intraday_count": 2384
    },
    "COHR": {
      "current": 194.42,
      "high_52w": 198.8,
      "low_52w": 50.58,
      "return_1d": 5.32,
      "return_1w": 1.43,
      "return_1m": 17.9,
      "return_3m": 71.25,
      "return_6m": 113.9,
      "return_1y": 104.93,
      "ticker": "COHR",
      "daily_count": 267,
      "intraday_count": 2380
    },
    "GE": {
      "current": 319.86,
      "high_52w": 319.86,
      "low_52w": 165.84,
      "return_1d": 3.62,
      "return_1w": 1.14,
      "return_1m": 10.58,
      "return_3m": 7.0,
      "return_6m": 29.88,
      "return_1y": 91.16,
      "ticker": "GE",
      "daily_count": 264,
      "intraday_count": 2356
    },
    "GME": {
      "current": 20.66,
      "high_52w": 34.87,
      "low_52w": 20.04,
      "return_1d": 2.85,
      "return_1w": -4.01,
      "return_1m": -9.8,
      "return_3m": -24.14,
      "return_6m": -12.89,
      "return_1y": -35.47,
      "ticker": "GME",
      "daily_count": 265,
      "intraday_count": 2368
    },
    "LHX": {
      "current": 303.89,
      "high_52w": 305.09,
      "low_52w": 191.34,
      "return_1d": 3.35,
      "return_1w": 1.76,
      "return_1m": 10.75,
      "return_3m": 3.03,
      "return_6m": 19.91,
      "return_1y": 47.83,
      "ticker": "LHX",
      "daily_count": 265,
      "intraday_count": 2368
    },
    "PL": {
      "current": 20.4,
      "high_52w": 20.8,
      "low_52w": 2.95,
      "return_1d": 3.34,
      "return_1w": 0.23,
      "return_1m": 72.55,
      "return_3m": 36.7,
      "return_6m": 198.54,
      "return_1y": 382.35,
      "ticker": "PL",
      "daily_count": 267,
      "intraday_count": 2380
    },
    "RDW": {
      "current": 9.07,
      "high_52w": 25.88,
      "low_52w": 5.08,
      "return_1d": 19.99,
      "return_1w": 15.28,
      "return_1m": 71.05,
      "return_3m": -12.56,
      "return_6m": -43.01,
      "return_1y": -48.98,
      "ticker": "RDW",
      "daily_count": 266,
      "intraday_count": 2372
    },
    "RTX": {
      "current": 186.97,
      "high_52w": 186.97,
      "low_52w": 111.9,
      "return_1d": 1.85,
      "return_1w": 0.21,
      "return_1m": 10.72,
      "return_3m": 12.55,
      "return_6m": 29.29,
      "return_1y": 65.02,
      "ticker": "RTX",
      "daily_count": 265,
      "intraday_count": 2368
    },
    "XAR": {
      "current": 250.0,
      "high_52w": 250.72,
      "low_52w": 144.86,
      "return_1d": 3.75,
      "return_1w": -0.13,
      "return_1m": 10.8,
      "return_3m": 5.02,
      "return_6m": 20.23,
      "return_1y": 50.53,
      "ticker": "XAR",
      "daily_count": 267,
      "intraday_count": 2380
    }
  },
  "updated": "2026-01-05T14:37:04.157410+00:00"
}